beatmap_id,checksum
320154,bc35261e892d8d71cb5fa5ef22e794aa
321187,e0b6968449db1eb20ba49489bf92a245
323954,1dab75802aece815891c658537e50b68
331962,9821f61d995b038283b50cde151be28e
360085,bb715e9dd62c1c7a19a8930b6cc13f66
363819,58eb9e27ef759eab475d65dbf08e7df5
364573,015a13f739406228a96e8d84a8e12dce
391595,4c943654784f51c6bf317b9940176b65
426706,f78ead84511a06c649aaa4794655f233
465220,d188107c2ae497640a6fbadc246259bd
494045,4efd7875fe711fff6a42e3ccb0c64125
556661,0cee0881ce6b7377ff1b1d981bbe2c0a
559714,1e3a61c7c62ef25e522e4390eff60d3c
579655,e7eb40949b19b7150b1aa6d341756e46
579717,54d1346b1a34b6d36c87bfe12161fb9a
619693,2957ce44ef6a5726b2a64268bb693263
641425,40b614d7ce3fafc591dc6f57fb491802
657251,5181d8155785506de824fb497860542b
667140,1ab3d7949c96b9fe9b4c3ec37d9f36c3
667786,f059496aaa2943b749aaeecde9e337a0
668855,57a1bc129c5499f6f84a2128cf4bef65
669651,e791572409dc53e98c8a46a30508882a
708015,845aef430013664596b27387ff57bfe2
711054,2850916b1b35b1b9edd2a3ebf4388f16
719965,fa6350178b652ae43038d5a4ed772804
724148,6e8e883618aa645ab0ff3cd2677dda0f
726055,5255906ea1ee026a3c090d46b4b64b76
737739,ab05c512d9e627aab2868b8d1b004a64
751695,76ae95e4f2f27553ef98ae0176b57236
752419,09be3e5b77e438c5b7ba0ba259df867d
758598,355f129b22a377cd4348057f8ada96e7
770129,1ae6d98c031c99778674f65349632cec
777356,cd1322a448847d60391d77c467af70fd
778541,7fc4b6ca5cd6c06dd1ef95807487d6f6
793234,91bce164eabe51c46f1187d0e247d692
814598,00561d6928e6a67a8baef4a614a551a8
818950,3fe795240e6f0ca3f71f3e64d0ffe521
829747,ea86abc91af38e84e3b131b73dffe6c5
836764,f88f8249f735046b28ceefaa9f58198d
843604,135243fa1254c41395845aa1e6c3bb85
910999,0a16974aa133e05ae1145570d8f39c80
957837,480f61f2b6b4cd189b03ad87b1f4552d
985758,4cff2e59ae2a1bd954ba81770b1f77f9
1002337,96c80d9f5935f1f51d4c671324cad50c
1015660,545feae144b626afa59fd6fbf52d4abf
1017820,dbd101b96e160dae8f2523a725b5a1dd
1018853,58432da0e52a1e201cb1eeec3abba5fb
1023089,e0b7fcfc75911760ec474348a681a883
1026562,3a20e77905941bde1064b89438df8a1d
1029950,08db0127c82aec7062354dddf664d38f
1082345,50f014372041f601e31bceb3a07414f3
1085914,f17745ba3d13e47cdc9f0d84b84958d8
1087187,caaeb1a79258ff66ef3639f8e47aff5f
1095001,c98a8d168cfef10d9f4b856b5e24dd48
1115311,a1918024d0d5bee2ebfd034c5f185e98
1156351,6da798dc1b22b4798164d6d918c085b0
1159142,bd64df3e7050127c0eb260666cf0ebef
1191560,351b744aafcf118f1ef275a4debf3ba0
1207643,7c07407eaa7d7e6a6352a0c5fd478aac
1225425,4e9e1793a294ecfcebdb51c5838fd109
1248193,b9303a226ee9149873ce5dd1559fe3e8
1282467,9737fb3d76aecfcf785a38631d596b62
1288187,3164fe8bbdeaa4b75b2fc648b2e529b0
1295616,4ec9c1ca613bda2a8fd1c2d79ca66d06
1315355,5aa75e52d5bb613d0626c88bb7076f66
1486988,e5c225a99a0a55e98fd5686d993d503d
1492447,fc4b837de99997210c37d1cbbddd787a
1495066,f6083113c80a4797dcace15e05cc5dba
1529232,f7d5859c8cc44de42bf2fc8bd78d60b7
1540691,431ec51b8065756a73fa138c49bc9fe9
1606809,75ac01d2624ac5f12a106c5c06e62ec4
1608660,d7bfcab0813efe5a8e8bee48638ada09
1629433,0b3b97049e04565f0f20deede231fa4c
1659079,fdfec89cfb5f355dddb0ec74326d1914
1674638,9d9e7770db83340a1158f80279ad5b77
1681777,99486948933e25dd02aef8341e7e86b7
1684024,3d2ed84104c9f4c23af271924aa0f1fc
1756862,4d75dce1fba538db1fba95dccaca6367
1834819,474928bd0e582985236a5dc54fc5ee23
1845374,2659ab9ade0eda9e8d5408012557e62d
1872097,966ade801cd93481cf794ec715ab4b92
1899196,30a41c6c68c535ccafe18bfbe17e8379
1910892,6ea1fa809d4525196ef59f2845086e35
1929300,0f5d02b4329794c71a77691874a29af4
1938124,21a4628398150c67c1e064ea55eb37c2
2029226,69c82a69234847215aea7d3966d58a34
2069131,604438d7d9818174966d43a763f9dc6b
2117594,af8b4604d50b2f9e2d4562fccb152239
2159349,a8019040a87b849e9537c477a5b5371d
2171971,3d0f00bce439834ce9a048fe968ece99
2197751,b67c0a743c09143300123139ba82d133
2202428,51be18b6d7ad0fa1e6420bdf3143a152
2208847,6444860a9c3bd0c96bb250a048d08e3e
2227478,7d8b067fbb558ef8d773b4d5292bebe4
2241881,5fef365f85751fa0ecc55a54da5f3bf9
2245031,19a3478ba10d924b954b452608eab231
2263516,42f3c76ea9bbefcf92ce6099a0d50d11
2296388,ad7736a161eb052c84ed4b149663f54e
2322546,80041c736549274566d403494ffcc0cf
2352637,89aeefe9313a06a99e70b41d46f7ca96
2358152,7ce68edca6c7d80bacbba6ee061eeed4
2415432,520783fcd14febce9b2fd8b31128f135
2440777,7f4fa558aa5b32a67b78b71f544823de
2450773,497e95cdc4fa78ab2b01c270262b57ff
2503373,f0c016f1496c0083259ccc56a21f1cec
2524292,4aa8b1b4136e7cf53df02fcb7a031692
2548261,d0243616686b34064762f847e18dc7ea
2587913,e0d431637f047e459add357fea4b59b7
2592888,35f93055a88ac240ca57ec220db9dd1f
2595984,e21b8713db85ebe8ea6737b3e9b354f6
2669828,df9e6419e41a9af5cfd0f0a601a6f184
2671008,5cc2ea2a68fe5af50fe82fa421a825da
2680867,1fb1b495e90425e71a2c993a3f68ae75
2698378,8576760a757eee3aa1695fd356e7a9e0
2708761,8353346ae9ae733fdeb3296aafb42175
2737946,1127869170681ffef61133a4e2cf6d91
2791776,c20ad047b035d0e3f68b0c864ec544a4
2845576,97b90282a8f13937e3fc26ef755aef67
2846682,5933e8d64551367fa864c780614e2c07
2866939,1141063d4c1fb286155ae43d46aa3e47
2910047,a30726627fa60e1ecc1f30fa4aebf3e2
2934744,799f82703fb54737508971e19808c860
2960345,e5931fd7752c63810be2e326dedfa4c3
2965323,1e5500560d7e7186fe73f7ee187fa554
2980510,9daf1c9343d884dfe8db4a8b6387d8a8
3003871,919d535fa21ee820c1d87cb2fab2b0de
3009391,155636510445c2256262426676fa22fa
3010778,0fad964d4fc616cda700b597807a8d4a
3035620,982dffc095a91de06817161305d2df8d
3046128,02d04f980492d36eba4fd6dd24627610
3060261,20374a83974d0a5f0ce468a9c121184f
3068709,3f6042a9a7fab5d996450eb90c58bb68
3085974,fe1e3a7cde8f9948ab03b2057a069777
3090889,070c4c07ce010599450530c16ceffde7
3094082,d17215dd1c226296a9845c8f81d1d551
3094219,f8e63bf48926e69c77c533540c48e813
3111761,881b71d37256642c856b123513f1467c
3125243,bbf900ac325dd9daf230442d2689fc73
3138120,ef068837aabf15c44590a9696b5e9a17
3152952,f62a29a5c9ef2ad24d880081e8b5a2fb
3159613,b26d81e209b1d2b2779e43115fed19b0
3172737,fb0a9496979aa8dd4def158dbb9b42da
3188294,5fad6c9cb8106c7279855064200378ac
3197758,88eb828ae2f55c6a40769fe59a52d92e
3215136,9ee38587dc9972f7c1a8de138a27a5e5
3220326,4000bb9fa157310ac651bf70da58af20
3232518,926ab8797c05c055e417c795e4843bec
3247955,cdc7993d14b314adeffa0705235629b5
3253500,bca05b404e3376a9084037af2ef631da
3268271,83f283b38627d102c776480a96df33d3
3272014,c68ca011dcdcef920f32ae45d402e765
3308956,429a81a5f680cb2144657d4c56f22692
3315955,9bc0c4c757c367b18af218007f31f50a
3333164,bcc29b4bce78cbdbdeef2d76c5d1989a
3347992,2e631a29471ea3c8097e6ebe25c71980
3361329,467c033ff538eca39dff0bcec2e42786
3384103,07d50073384f0fd9766394b129cf6bce
3401628,1c3c4d5d9cb66d23170dfbc70fa9bc12
3404745,c1d3940edc2a6d6f19985589dc8965a3
3428002,49521966da37a9c577197eaa5bf76cf3
3466516,7fae67b2c4cb377ca4e8727a563537b5
3468089,94b3297b0e2a6ce6cc26a946b174fdb4
3470111,e0e355c60ed38ee4c00e44767845eca6
3473236,bba71d5a60fabf1de823eb7b3f013c53
3473680,c4cfc00b29a7521d2d51b54a938b505e
3485881,2c8c01215ed4a911de071c4fda12d525
3494174,d81c3faa119c6c7201bcf49890f9a576
3497681,68ad78bfefe027b5c50fbad1b1303375
3501423,b60cc8e048ad0f02e6bbd5324ff56e52
3504179,281cdb3de20a853ca4fe97dd81d16c3c
3518471,254367ebea0c6de65f29163c75aab438
3544225,460b972ad2b03642c5fd155aed9299bc
3550475,5a8cf2e11a7122fe83287d456ee45f1c
3578642,8be73cab1bc793baf0b5bf5a55563bfb
3579394,d73778aeac97357139c2cee49b42accb
3586456,e06c38731864e1b3fb110ac5a0f26d74
3602814,b24759054a06b5c40267e0dafa05306b
3603234,b8cc539dc9a450d7610e5c6035be7d7e
3635344,128178df72cde3d15fc9d4e0068d931f
3641351,3a72a96bb6753a36fb7999c180914d8a
3644892,4a3280bac8134974272eb3ea00dfa107
3659093,3374e1decd0d95d283afd367a129bc26
3678175,cd67da120925663d14e0b9746a5cc519
3684879,4d108db019107c127f4ed1ccb1b2d51f
3687359,826c12d7d5834ba29c3b4f3c6ff7be12
3689170,be2b4f99105faa4f549f508404629620
3691633,c821f73736e8d82fd625c1f5a881964c
3699191,50bd1c459feb9737b2c9179f3e5c1f9a
3714324,0a4cef092c8dd58582ea4931a24f150a
3714325,478730a80cfff81566aae4d681fff8a4
3719015,4551215eb2d53cfc8d682da7e7aa6326
3722643,d2abf94ebaee6103901d92bf34e48ac5
3729935,93e2057aef018f32c025cb021cce13a0
3784897,0a172da4f43b133a626d48f7420c9959
3791773,f8f0bed3dd8c67a6fdcc428fb60b5752
3791774,d722a53f0e5e91376015f54d039b9662
3794084,c7d9fc27a64447a560f9173f3266816e
3800325,95773d15ceafbbbdf4d17a8f2c8de9c3
3804139,bd43a7a18875221086dac78e3d201282
3807443,5e18fead338a5e10cab8f0e3c971398f
3809607,7585be6a7a53ac7d2466249cd94ee60f
3820257,7ba65bc71a305609dfea357b470c5b9f
3839747,9618973303d979f6c376b31b34249618
3841893,8813c3a464190b6357f688b5773c45d9
3874974,5578673e10ebae6a62f5c36cf03d60fc
3881836,34fa33a1f83810b53357838141540235
3882096,d13781e1988cfe7ffee80094a115a649
3894563,b940bb2a70fe8a6601aef8b921f1bf2d
3897575,f6ac0108e3999186e964a866eb0da08c
3900525,284a3ed1f9cca404cabb6639c08936bc
3906382,2a13d14803966810d0c9804f30c26784
3915522,a91c3d8ae8bba9a8a726069413eeab68
3919769,e68232946136d2814d3ddae8f1dbb341
3921238,33daba5e0ab6ab3460c4b1faa4205552
3926103,637b10cc323af79f31b2f0933160d5ae
3933079,aec38fe2f02fa99be438a4ad2c6d94f4
3941961,e0bbc9ec62439d8bb98cd632e1deb301
3942723,53f9891b69d5bdf667fd161ab1d605a7
3952868,b202bf64b64cca517ce2436beb8841d1
3962477,77dc0274afc973a82a1ebe93d031a075
3966902,058969b911d2045aa34c2b7b820b563e
3969191,9453f56d39499e4fc28d28b50491fc0f
3977760,59abf2a15e50266a868a8ccd6cf21365
3992805,3a08532faa12d05e8855366f2269f91f
3994058,857895d385a48332e862715989d0fbcd
4009963,297e25c5fc974d66b7e21b9e9eebe9f9
4009964,412e030280974f4797f44d81fd68e258
4021490,a6ac438b8abc555fda144865794ad5fa
4026421,4566c968e57cfafc84c4b8d24517c673
4047455,31b13a23264b94a4ca9ee889b0a850e0
4060023,fb7fe659ee14e2ef34ec7506530d9e24
4060535,c930e9bd0017c1e0ad2f8d923231a869
4076503,058f5faa6feb3d8bee0601c7fc919352
4077271,5d3d87f2f0539fb8632b4460c2499bdb
4100613,a44916afe5df25a04db698ddb2a444a5
4106048,7ab5e8744099f8fdeaeb3a0bfb457fa8
4109788,7513eb4dd57cb52fd66e72d1f20b4563
4115218,02a36af322284fcfe7a980566643c41a
4151409,06461fb2d9aef1d5252ad850b018e8a7
4161251,3e91163f3664a53eab4ef34fe55a3252
4166146,402df5f2facb0781d78c80b27a83e157
4175431,d39aa3d90ead49d4b8de6716f16404ec
4179227,09f7504846652339a76e17b99c9e22c0
4190237,ee8dbed1f6ad91b6176b1893599af72f
4192138,0cb95212e233d9516be287938d9437fa
4201894,36ef80770c803a6954a4c10575e3ff7b
4202978,967fea2bb44e05e4c447a99942023932
4204941,2f3648eb1de9ee8780da962fee55efc4
4206147,61a621752fb4b04092e2ac0854d44804
4209689,377815cce1799b0bd3d41e88ac41ac94
4260436,c3b9a960ecec3336315ed4b318eb390a
4281256,cf27480db15b32b9c9119177150200be
4286168,4a45942f84ebb4f9c245b2963c63b4d4
4305042,c9799a1adc05526093f5d9445f9e84d2
4315292,404184d89b5eb139a5aa8b59171b1acd
4315756,56af0039cb8110e82c7840b2586fc896
